Timestamp,Permanent SKU,Item Number,Storage Location,Item Name,Brand,Category,Size,Color,Pattern,Style Features,Material,Country of Manufacture,Condition,Condition Notes,Cost of Goods,90 Day eBay Sold Count,Current eBay Active Count,90 Day Sell-Through Rate,Sold Comp Low,Realistic Sold Value,Sold Comp High,Market Range,Inventory Status,Listing Platforms,Department,SEO Listing Title,SEO Listing Description,Style Tag 1,Style Tag 2,Style Tag 3,eBay Status,eBay Priority,eBay Next Action
2026-06-22,A1-MD-0001,0001,A1,Nike shorts,Nike,Athletic Shorts,Not confirmed,Not confirmed,Not confirmed,Not confirmed,Not confirmed,Not confirmed,Not confirmed,"Original photos/details are not available in this chat; verify size, gender, fabric, and condition before listing.",,,,,$8.00,$12.00,$18.00,"Analyst estimate; missing photos, size, gender, material and condition. Low confidence.",Unlisted,Poshmark / eBay,Not Confirmed,Nike Athletic Shorts Performance Activewear,"Nike athletic shorts. Size, color, material, exact features, and condition are not yet confirmed; verify the item and measurements before publishing.",Athletic,Activewear,Sporty,#REF!,#REF!,#REF!
2026-06-22,A1-MD-0002,0002,A1,Adidas black logo-print capri athletic leggings,Adidas,Women's Athletic Capri Leggings,Not confirmed,Black with white and dark-gray logos,Solid with oversized vertical Adidas wordmark,Wide stretch waistband; capri/cropped length; small white Adidas performance logo near right hip; oversized dark-gray vertical adidas wordmark down right leg; fitted athletic silhouette,Not confirmed,Not confirmed,Pre-owned; full inspection pending,"Current front image matches the existing Adidas leggings record. Front appears black with a small white Adidas logo at the hip and a large dark-gray vertical adidas wordmark on the right leg. Back view, size tag, material/care tag, measurements, and complete flaw inspection are still required before final listing and market research.",,Pending full four-image batch,Pending full four-image batch,Pending — sold count divided by active count,$8.00,$14.00,$20.00,"Analyst estimate; missing back photo, size/care tags and measurements. Low confidence.",Needs Review,Poshmark / eBay,Women's Bottoms,Adidas Womens Black Capri Leggings Large Logo Athletic Activewear,"Adidas women's black cropped athletic leggings with a wide waistband, small white performance logo near the hip, and oversized dark-gray vertical adidas wordmark down the right leg. Fitted activewear silhouette. Size, material, country, measurements, and complete condition details remain unconfirmed until the remaining item photos are supplied.",Athletic,Athleisure,Logo,,,
2026-06-22,A1-MD-0003,0003,A1,Columbia Willapa River shorts,Columbia,Outdoor / Fishing Shorts,Not confirmed,Not confirmed,Not confirmed,Willapa River model/name; verify exact style tag,Not confirmed,Not confirmed,Not confirmed,Original photos/details are not available in this chat; department is inferred and should be verified.,,,,,$15.00,$22.00,$30.00,"Analyst estimate based on Columbia outdoor/fishing shorts; exact model, size and condition unverified.",Unlisted,Poshmark / eBay,Men's Bottoms,Columbia Willapa River Men's Outdoor Fishing Shorts,"Columbia Willapa River outdoor shorts. Size, color, material, exact style details, and condition remain unconfirmed; verify the care and style tags before listing.",Outdoor,Fishing,Utility,,,
2026-06-22,A1-MD-0004,0004,A1,Patagonia Baggies shorts,Patagonia,Outdoor Shorts,Not confirmed,Not confirmed,Not confirmed,Baggies product line; verify inseam and liner,Not confirmed,Not confirmed,Not confirmed,"Original photos/details are not available in this chat; verify gender, inseam, liner, size, and condition.",,,,,$25.00,$35.00,$45.00,"Brand/category estimate for used Patagonia Baggies; verify size, inseam, liner and condition.",Unlisted,Poshmark / eBay,Men's Bottoms,Patagonia Baggies Men's Outdoor Shorts,"Patagonia Baggies outdoor shorts. Verify size, inseam, liner, material, gender, and condition before publishing the final listing.",Outdoor,Hiking,Gorpcore,,,
2026-06-22,A1-MD-0005,0005,A1,Vintage America Blues boyfriend jeans,Vintage America Blues,Boyfriend Jeans,Not confirmed,Not confirmed,Not confirmed,Boyfriend fit,Not confirmed,Not confirmed,Not confirmed,"Original photos/details are not available in this chat; verify measurements, wash, rise, material, and condition.",,,,,$12.00,$18.00,$25.00,"Analyst estimate; value depends on size, wash, rise, stretch and condition.",Unlisted,Poshmark / eBay,Women's Bottoms,Vintage America Blues Women's Boyfriend Jeans Relaxed Fit,"Vintage America Blues boyfriend jeans with a relaxed silhouette. Size, wash, rise, material, measurements, and condition must be confirmed before listing.",Casual,Boyfriend,Denim,,,
2026-06-22,A1-MD-0006,0006,A1,Forenza leather jacket,Forenza,Leather Jacket,Not confirmed,Not confirmed,Not confirmed,Leather outerwear; verify genuine leather and construction,Not confirmed,Not confirmed,Not confirmed,"Original photos/details are not available in this chat; verify material tag, gender, measurements, flaws, and lining.",,,,,$20.00,$30.00,$50.00,"Wide analyst estimate; confirm genuine leather, size, department, lining and flaws.",Unlisted,Poshmark / eBay,Other,Forenza Leather Jacket Vintage Outerwear,"Forenza jacket identified as a leather style. Genuine leather, size, department, lining, measurements, and condition are not confirmed and must be verified before publishing.",Vintage,Classic,Minimalist,,,
2026-06-22,A1-MD-0007,0007,A1,New Balance navy running shorts,New Balance,Running Shorts,Not confirmed,Navy,Not confirmed,Running style; verify liner and pockets,Not confirmed,Not confirmed,Not confirmed,"Original photos/details are not available in this chat; verify gender, size, material, and condition.",,,,,$8.00,$12.00,$18.00,"Analyst estimate; confirm size, gender, liner, pockets, fabric and condition.",Unlisted,Poshmark / eBay,Not Confirmed,New Balance Navy Running Shorts Athletic Activewear,"New Balance navy running shorts. Verify size, gender, material, liner, pockets, measurements, and condition before publishing.",Running,Athletic,Sporty,,,
2026-06-23,A1-MD-0008,0008,A1,Lauren Ralph Lauren ribbed lace-up 3/4 sleeve top,Lauren Ralph Lauren,Top / Blouse,M,Peach / Blush Pink,Solid vertical ribbed knit,Lace-up split neckline; fitted silhouette; three-quarter sleeves; ribbed texture; straight hem,Not confirmed,Not confirmed,Good pre-owned; final inspection required,No obvious holes or tears visible in the supplied front/back images. Light wrinkling and minor surface marks or lint may be present; complete stain and fabric inspection before listing.,,,,,$10.00,$15.00,$22.00,"Brand/category estimate; add material, measurements and final flaw inspection.",Unlisted,Poshmark / eBay,Women's Tops,Lauren Ralph Lauren Women's Ribbed Lace-Up 3/4 Sleeve Top M Peach,"Lauren Ralph Lauren women's size M peach-blush ribbed top with a lace-up split neckline, fitted shape, and three-quarter sleeves. Good pre-owned condition with light wrinkling; inspect for minor marks before listing.",Feminine,Preppy,Ribbed,,,
2026-06-23,A1-MD-0009,0009,A1,Under Armour HeatGear loose-fit performance polo,Under Armour,Polo Shirt,M,Teal / Aqua Green,Heathered,Short sleeves; collared neckline; three-button placket; loose fit; HeatGear line; black chest logo; black rear-neck logo; side hem vents,Not confirmed,Not confirmed,Good pre-owned; pending final inspection,"No obvious holes, tears, or major stains visible in the supplied images. Inspect closely for snags, pulls, pilling, deodorant marks, and collar wear.",,,,,$8.00,$13.00,$18.00,"Brand/category estimate; common athletic polo, inspect snags, pilling and collar.",Unlisted,Poshmark / eBay,Men's Tops,Under Armour HeatGear Men's Loose Performance Golf Polo M Teal,"Under Armour HeatGear men's size M teal heathered performance polo with a loose fit, three-button placket, chest logo, rear-neck logo, and side vents. Good pre-owned condition; inspect for snags, pilling, and collar wear.",Athletic,Golf,Performance,,,
2026-06-23,A1-MD-0010,0010,A1,Marvel Captain America all-over-print short-sleeve button-up shirt,Marvel,Casual Button-Down Shirt,M,"Beige / Tan with red, white, and blue graphics",Captain America shield and Avengers-style emblem all-over print,Short sleeves; pointed collar; black button-front closure; chest pocket; licensed Marvel character print,Not confirmed,China,Fair / Damaged,"Visible large tear and heavy fraying on the back-left side near the underarm/side seam, plus visible lower-hem wear or discoloration. Photograph defects closely and disclose them prominently. Newly supplied neck-tag photo confirms Marvel branding, size M, and Made in China.",,,,,$5.00,$8.00,$10.00,Condition-adjusted estimate due to large tear and fraying; list AS IS with close defect photos.,Unlisted,Poshmark / eBay,Men's Tops,Marvel Captain America Men's Button-Up Shirt M All Over Print AS IS,Licensed Marvel men's size M Captain America all-over-print short-sleeve button-up with chest pocket. Fair damaged condition with a large torn and frayed area near the back-left underarm or side seam plus lower-hem wear; sold as-is.,Comic,Geek,Novelty,,,
2026-06-23,A1-MD-0011,0011,A1,Dockers short-sleeve button-down shirt,Dockers,Casual Button-Down Shirt,M,Dark navy,Solid,Short sleeves; button-down collar; gold-tone buttons; chest pocket with embroidered wing logo; curved hem,100% cotton,Indonesia,Good pre-owned; final inspection required,"Light fading or wear may be present around seams and collar. No obvious holes or major stains visible in supplied images; verify buttons, underarms, collar, and hem before listing.",,,,,$8.00,$12.00,$16.00,"Low-confidence sold-comp estimate. Comparable pre-owned Dockers short-sleeve shirts sold around $14.95, while a new-with-tags medium example sold at $19.95. Solid navy used condition likely sells below the stronger examples.",Unlisted,Poshmark / eBay,Men's Tops,Dockers Men's Short Sleeve Button-Down Shirt M Navy 100% Cotton,"Dockers men's size M dark navy short-sleeve button-down shirt in 100% cotton with a button-down collar, gold-tone buttons, chest pocket, and embroidered wing logo. Good pre-owned condition with possible light seam and collar fading.",Classic,Business Casual,Preppy,,,
2026-06-23,A1-MD-0012,0012,A1,Stitch Beachwear tropical short-sleeve button-down shirt,Stitch Beachwear,Hawaiian / Casual Button-Down Shirt,L,Cream / navy blue / turquoise / mustard,Tropical monstera leaf and tiki print,Short sleeves; pointed collar; button-front closure; bold all-over tropical print; curved hem,100% cotton,Mauritius,Good pre-owned; final inspection required,"No obvious tears or major stains visible in supplied images. Inspect collar, buttons, underarms, side seams, and hem before listing.",,,,,$12.00,$18.00,$25.00,"No reliable exact-brand sold sample located. Estimate is based on a broader sold tropical-shirt comparable near $24.99, discounted for an obscure label and limited demand evidence. Treat as low confidence.",Unlisted,Poshmark / eBay,Men's Tops,Stitch Beachwear Men's Hawaiian Shirt L Tropical Tiki Monstera Cotton,"Stitch Beachwear men's size L 100% cotton tropical button-down shirt with navy, turquoise, and mustard monstera leaves and tiki motifs. Good pre-owned condition; inspect collar, underarms, buttons, and hem.",Tropical,Vacation,Resort,,,
2026-06-23,A1-MD-0013,0013,A1,Callaway Golf Sport short-sleeve polo shirt,Callaway Golf,Golf Polo Shirt,L,White / off-white,Solid pique knit,Short sleeves; two-button placket; embroidered sleeve logo; embroidered back-neck chevron; side hem vents,100% combed cotton,Thailand,Fair / Stained,"Visible discoloration and staining near the lower front hem and lower back hem, plus smaller surface marks. Defects must be photographed and disclosed.",,,,,$5.00,$8.00,$13.00,Callaway Golf Sport sold examples ranged from about $12.99 to $22.50 in good or excellent condition. Heavy visible staining materially reduces this example's value and buyer pool.,Unlisted,Poshmark / eBay,Men's Tops,Callaway Golf Men's Polo Shirt L White Cotton Logo Stained AS IS,"Callaway Golf Sport men's size L white 100% combed-cotton polo with sleeve logo, rear-neck chevron, and side vents. Fair condition with visible staining and discoloration near the lower front and back hems; sold as-is.",Golf,Preppy,Sporty,,,
2026-06-23,A1-MD-0014,0014,A1,Under Armour HeatGear U Golf striped performance polo,Under Armour,Performance Golf Polo Shirt,XL,White / light gray with green and yellow logo,Color-blocked with horizontal stripes,Short sleeves; collared neckline; button placket; Loose fit; HeatGear; black UA chest logo; embroidered U Golf logo; striped lower front; solid back,Not confirmed,Not confirmed,Good pre-owned; final inspection required,"No obvious holes or major stains visible in supplied images. Verify team or school identity, fabric content, collar wear, snags, and deodorant marks before listing.",,,,,$15.00,$22.00,$28.00,"Comparable Under Armour striped HeatGear golf polos in XL sold from about $18.99 to $26.99, with weaker examples as low as $5. The embroidered U Golf logo may help only after the team or school is verified.",Unlisted,Poshmark / eBay,Men's Tops,Under Armour HeatGear U Golf Men's Polo XL White Gray Striped,"Under Armour HeatGear men's size XL loose-fit golf polo with white and light-gray color blocking, horizontal stripes, black UA logo, and embroidered U Golf logo. Good pre-owned condition; verify the team or school identity and inspect for snags.",Golf,Athletic,Performance,,,
2026-06-23,A1-MD-0015,0015,A1,Abercrombie & Fitch floral super-slim stretch short-sleeve button-up shirt,Abercrombie & Fitch,Casual Button-Down Shirt,S,"Dark navy / charcoal with red, cream, and muted floral print",Ditsy floral,Short sleeves; button-front closure; spread collar; Super Slim fit; stretch construction; curved hem,Not confirmed,Cambodia,Good pre-owned; final inspection required,"No obvious holes or major stains visible in supplied images. Inspect buttons, collar, underarms, side seams, and stretch fabric before listing.",,,,,$15.00,$18.00,$22.00,"Relevant Abercrombie floral short-sleeve sold examples were about $16.17, $18.19, and $19.88. Small size and Super Slim fit narrow the buyer pool, but the floral pattern remains marketable.",Unlisted,Poshmark / eBay,Men's Tops,Abercrombie & Fitch Men's Super Slim Floral Shirt S Stretch Short Sleeve,"Abercrombie & Fitch men's size S Super Slim stretch short-sleeve button-up in a dark floral print with red, cream, and muted accents. Good pre-owned condition; inspect buttons, collar, underarms, and fabric.",Floral,Slim Fit,Casual,,,
2026-06-23,A1-MD-0016,0016,A1,Wrangler Authentic Series 75 plaid short-sleeve button-down shirt,Wrangler,Casual Button-Down Shirt,Not confirmed,Cream / light khaki with muted blue and red,Plaid,Short sleeves; pointed collar; button-front closure; single chest pocket; Wrangler Authentic Series 75 label; lightweight woven construction,Not confirmed,Not confirmed,Good pre-owned; final inspection required,"Visible wrinkling and light general wear. No obvious holes, tears, or major stains visible in the supplied front, back, and label images. Size, fabric content, and country must be verified before listing.",,,,,$8.00,$12.00,$15.00,"Sold Wrangler Authentics and comparable plaid short-sleeve shirts were generally around $9.59-$14.88, with stronger western pearl-snap versions selling higher. This standard button-front example is a basic, moderate-to-slow mover unless the size is desirable.",Unlisted,Poshmark / eBay,Men's Tops,Wrangler Authentic Series 75 Men's Plaid Short Sleeve Shirt,"Wrangler Authentic Series 75 men's plaid short-sleeve button-down with a pointed collar, chest pocket, and lightweight woven construction. Size, material, and country are unconfirmed; good pre-owned condition with light wear and wrinkling.",Heritage,Casual,Plaid,,,
2026-06-23,A1-MD-0017,0017,A1,Mercedes by Carol black tonal-striped short-sleeve polo shirt,Mercedes by Carol,Polo Shirt,L,Black,Solid with subtle tonal vertical stripes,Short sleeves; collared neckline; four-button placket; single chest pocket; side hem vents; soft knit construction; vintage-style woven label,60% cotton / 40% polyester,Taiwan,Good pre-owned; final inspection required,"Light lint and normal surface wear are visible. No obvious holes, tears, or major stains are visible in the supplied images. This label is not confirmed to be associated with Mercedes-Benz automobiles and must not be marketed as Mercedes-Benz merchandise.",,,,,$7.00,$12.00,$18.00,"No reliable exact-brand sold comps were located. Valuation is based on generic vintage and obscure-label black polo demand, not Mercedes-Benz branded apparel. Treat the estimate as low confidence and price for fast turnover.",Unlisted,Poshmark / eBay,Men's Tops,Mercedes by Carol Men's Black Tonal Stripe Polo Shirt L Vintage Style,"Mercedes by Carol men's size L black polo with subtle tonal vertical stripes, four-button placket, chest pocket, and side vents. Good pre-owned condition with light lint and wear; this is not confirmed as Mercedes-Benz merchandise.",Vintage,Minimalist,Classic,,,
2026-06-23,A1-MD-0018,0018,A1,Van Heusen Wrinkle Free plaid short-sleeve button-down shirt,Van Heusen,Casual Button-Down Shirt,Not confirmed,Cream / off-white with blue and red lines,Windowpane plaid / check,Short sleeves; pointed collar; button-front closure; single chest pocket; rear center box pleat; Wrinkle Free line; lightweight woven construction,Cotton / polyester blend; exact percentages not confirmed,Not confirmed,Good pre-owned; final inspection required,"Visible wrinkling and light general wear. No obvious holes, tears, or major stains visible in the supplied images. Verify size, fabric percentages, country, buttons, underarms, collar, and hem before listing.",,,,,$8.00,$11.00,$15.00,Relevant sold Van Heusen short-sleeve plaid shirts ranged from about $7.99 to $14.99. A higher Made-in-USA vintage sale was treated as an outlier and excluded. Basic plaid Van Heusen shirts are common and should be priced for turnover.,Unlisted,Poshmark / eBay,Men's Tops,Van Heusen Wrinkle Free Men's Plaid Short Sleeve Button-Down Shirt,"Van Heusen Wrinkle Free men's cream plaid short-sleeve button-down with blue and red checks, chest pocket, and rear box pleat. Size, exact fabric percentages, and country are unconfirmed; good pre-owned condition with light wear.",Business Casual,Classic,Plaid,,,
2026-06-23,A1-MD-0019,0019,A1,Nautica nautical signal-flags front-and-back graphic T-shirt,Nautica,Graphic T-Shirt,XXL / 2XL,Royal blue,Solid with nautical signal-flag graphics,Short sleeves; crew neck; small Nautica signal-flags chest graphic; large nautical signal-flags back graphic; tagless printed label; regular fit,100% cotton,Peru,Good pre-owned with graphic wear; final inspection required,"Light cracking and wear are visible in the printed neck label and graphics, with minor surface marks or lint. No obvious holes, tears, or major stains visible in supplied images. Photograph the graphics clearly and inspect underarms and hem before listing.",,,,,$6.00,$10.00,$15.00,"Sold pre-owned Nautica men's graphic tees in comparable larger sizes ranged roughly from $5.50 to $15.00. The XXL size and front/back nautical artwork help, but visible print wear limits the upper end.",Unlisted,Poshmark / eBay,Men's Tops,Nautica Men's Nautical Signal Flag Graphic T-Shirt XXL Blue Front Back,Nautica men's XXL royal-blue 100% cotton graphic T-shirt with a small signal-flag chest design and large nautical flag artwork on the back. Good pre-owned condition with visible cracking and wear to the graphics and printed neck label.,Nautical,Coastal,Graphic,,,
2026-06-23,A1-MD-0020,0020,A1,Daniel Cremieux Signature Collection coral short-sleeve polo,Daniel Cremieux Signature Collection,Golf Polo Shirt,L,Coral / salmon,Solid pique knit,Short sleeves; ribbed polo collar; two-button placket; side hem vents,100% cotton,Philippines,Good pre-owned; final inspection required,"Visible wrinkling and light wear. No obvious holes, tears, or major stains visible. Inspect collar, underarms, placket, side vents, and hem before listing.",,,,,$10.00,$15.00,$20.00,"Corrected brand identification. Comparable sold Daniel Cremieux Signature Collection polos included $16.99 and $17.95 for pre-owned examples; new examples sold higher. The solid coral color is marketable, but this remains a common mid-tier polo, so $15 is the realistic fast-sale target.",Unlisted,Poshmark / eBay,Men's Tops,Daniel Cremieux Signature Men's Polo Shirt L Coral 100% Cotton,"Daniel Cremieux Signature Collection men's size L coral-salmon polo in 100% cotton with a ribbed collar, two-button placket, and side vents. Good pre-owned condition with light wear and wrinkling.",Preppy,Golf,Classic,,,
2026-06-23,A1-MD-0021,0021,A1,American Eagle Outfitters Ahh-Mazingly Soft slim-fit green plaid flannel shirt,American Eagle Outfitters,Flannel Button-Down Shirt,S,"Dark green, navy/black, cream, and mustard yellow",Tartan plaid with herringbone accent weave,Long sleeves; pointed collar; full button front; two button-flap chest pockets; curved shirttail hem; soft flannel construction; Slim Fit / Ahh-Mazingly Soft line,Not confirmed,Indonesia,Good pre-owned; final inspection required,"Full front and back photos now supplied. Visible wrinkling and light general wear; no obvious holes, tears, missing buttons, or major stains visible. Department appears to be women's based on the line and two-pocket cut; verify measurements before listing. Material remains unconfirmed until the care tag is photographed.",,,,,$8.00,$12.00,$15.00,"Comparable sold American Eagle Ahh-Mazingly Soft plaid flannels in small and nearby sizes sold around $7.49, $9.28, $12.99, and $15.00. This green plaid two-pocket version is marketable but still a common mall-brand flannel; $12 is the realistic fast-sale target.",Unlisted,Poshmark / eBay,Women's Tops,American Eagle Women's Ahh-Mazingly Soft Plaid Flannel Shirt S Green,"American Eagle Outfitters women's size S Ahh-Mazingly Soft slim-fit flannel in dark green, navy, cream, and mustard plaid with two button-flap chest pockets. Good pre-owned condition with light wear and wrinkling; material remains unconfirmed.",Casual,Cozy,Plaid,,,
2026-06-24,A1-MD-0022,0022,A1,Paper Crane ribbed cropped cardigan and camisole twinset,Paper Crane,Cardigan & Tank Top Set / Twinset,M,Rust / burnt orange / terracotta,Solid ribbed knit,Long sleeves; deep V neckline; four-button front; cropped hem; matching ribbed camisole or tank appears included; fitted stretch silhouette,Not confirmed,Vietnam,Good pre-owned; final inspection required,"No obvious holes, tears, or major stains visible in the supplied photos. Light wrinkling is present. Verify the matching camisole is a separate included piece, photograph both pieces individually, and confirm the material and care tag before listing.",,,,,$12.00,$18.00,$24.00,"Low-confidence estimate. Exact Paper Crane sold evidence was limited; one used Paper Crane cropped top was listed near $11.99 and a Paper Crane cardigan near $28, while a comparable rust ribbed cardigan-and-tank set sold near $24. The complete matching set supports a realistic fast-sale target around $18.",Unlisted,Poshmark / eBay,Women's Tops,Paper Crane Women's Ribbed Cropped Cardigan Tank Set M Rust Orange,Paper Crane women's size M rust-burnt-orange ribbed twinset featuring a cropped long-sleeve V-neck button cardigan with a matching fitted camisole or tank. Good pre-owned condition with light wrinkling; verify both pieces are included and confirm material before publishing.,Y2K,Cropped,Ribbed,,,
2026-06-24,A1-MD-0023,0023,A1,IZOD New England Oxford striped short-sleeve button-down shirt,IZOD,Casual / Dress Button-Down Shirt,18 1/2 / L,Light blue and white,Vertical stripes,Short sleeves; pointed collar; button-front closure; single chest pocket; rear center box pleat; Easy Care; New England Oxford line,74% cotton / 26% polyester,Bangladesh,Good pre-owned; final inspection required,"Visible wrinkling and light general wear. No obvious holes, tears, or major stains visible in the supplied images. Inspect the collar for yellowing, underarms, buttons, pocket, seams, and hem before listing.",,,,,$7.00,$12.00,$19.00,"Relevant sold evidence was mixed: a stronger IZOD Saltwater striped Oxford sold around $18.87, while a standard striped IZOD Oxford ended at $6.99 without bids. This basic short-sleeve 18.5/L example should be priced for turnover, with about $12 as the realistic target.",Unlisted,Poshmark / eBay,Men's Tops,IZOD Men's New England Oxford Striped Short Sleeve Shirt 18.5 Large,"IZOD men's New England Oxford short-sleeve button-down in size 18 1/2 Large with light-blue and white vertical stripes, chest pocket, Easy Care construction, and a cotton-polyester blend. Good pre-owned condition with light wrinkling; inspect collar, underarms, buttons, and hem.",Preppy,Business Casual,Classic,,,
2026-06-24,A1-MD-0024,0024,A1,Tommy Hilfiger Custom Fit windowpane plaid long-sleeve button-down shirt,Tommy Hilfiger,Casual / Dress Button-Down Shirt,L / 16 1/2-17,Navy with light blue and red,Windowpane plaid / check,Long sleeves; button-down collar; full button front; single chest pocket with flag logo; curved shirttail hem; Custom Fit; 80s 2-ply fabric label,Not confirmed,Mauritius,Good pre-owned; final inspection required,"Visible wrinkling and light general wear. No obvious holes, tears, missing buttons, or major stains visible in supplied photos. Approximate photographed measurements appear near 21-22 in pit to pit, 30 in length, and 25-26 in sleeve; verify before listing. Confirm material from care tag.",,,,,$8.00,$12.00,$18.00,"Recent sold Tommy Hilfiger plaid long-sleeve shirts showed a broad low-to-mid market, including sales around $4 and $12, while similar active Custom Fit examples were commonly listed around $16-$18. The recognizable brand, size L, navy plaid, and chest flag help, but standard Tommy woven shirts remain competitive; about $12-$15 is the realistic turnover range.",Unlisted,Poshmark / eBay,Men's Tops,Tommy Hilfiger Men's Custom Fit Plaid Shirt L 16.5-17 Navy Long Sleeve,"Tommy Hilfiger men's L 16.5-17 Custom Fit long-sleeve button-down in navy windowpane plaid with light-blue and red lines, button-down collar, chest pocket, and embroidered flag. Good pre-owned condition with light wear and wrinkling; material remains unconfirmed.",Preppy,Classic,Plaid,,,
2026-06-24,A1-MD-0025,0025,A1,Under Armour ColdGear heather quarter-zip fleece pullover,Under Armour,Athletic Quarter-Zip Pullover,XL,Heathered blue-gray / teal with black trim,Heathered solid,"Long sleeves; quarter-zip front; mock neck; black Under Armour chest logo; black trim at collar, cuffs, and hem; brushed ColdGear interior; Loose fit",Not confirmed,Not confirmed,Good pre-owned; final inspection required,"No obvious holes, tears, major stains, or logo damage visible in supplied photos. Light general wear and surface wrinkling may be present. Inspect zipper, cuffs, underarms, hem, fleece interior, and logo before listing. Confirm fabric percentages from the care tag.",,,,,$14.00,$20.00,$28.00,"Comparable sold Under Armour ColdGear Loose quarter-zips included roughly $13.99, $17.95, $19, $19.99, $22.99, and $27.87. Size XL, ColdGear branding, brushed interior, and the heathered teal color support a realistic sold target around $20-$23 if condition is clean.",Unlisted,Poshmark / eBay,Men's Tops,Under Armour Men's XL ColdGear Loose Quarter Zip Pullover Heather Teal,"Under Armour men's XL ColdGear Loose quarter-zip pullover in a heathered blue-gray teal color with black trim, chest logo, mock neck, and brushed interior. Good pre-owned condition; inspect zipper, cuffs, underarms, hem, and fleece before publishing.",Athleisure,Cold Weather,Performance,,,
2026-06-24,A1-MD-0026,0026,A1,J.Crew red and blue gingham long-sleeve button-down shirt,J.Crew,Casual Button-Down Shirt,L,"Red, bright blue, and burgundy",Gingham check,Long sleeves; button-down collar; full button front; chest pocket; button cuffs; curved shirttail hem,100% cotton,Mauritius,Good pre-owned; final inspection required,"Visible wrinkling and light general wear. No obvious holes, tears, missing buttons, or major stains visible. Verify measurements, cuffs, collar, underarms, pocket, seams, and hem before listing.",,,,,$8.00,$14.00,$20.00,Relevant sold J.Crew men's large gingham and plaid shirts ranged from about $7.19 for a standard plaid Oxford to $24.99 for a stronger gingham popover. This standard 100% cotton shirt should realistically target about $12-$16.,Unlisted,Poshmark / eBay,Men's Tops,J.Crew Men's L Red Blue Gingham Cotton Long Sleeve Button Down Shirt,"J.Crew men's size L long-sleeve button-down in red, bright-blue, and burgundy gingham check. Made from 100% cotton in Mauritius with a button-down collar, chest pocket, button cuffs, and curved hem. Good pre-owned condition with light wear and wrinkling.",Preppy,Gingham,Classic,,,
2026-06-24,A1-MD-0027,0027,A1,Under Armour white gray and orange mesh racerback athletic tank top,Under Armour,Athletic Racerback Tank Top,Not confirmed,White / light gray with bright orange colorblock,Heathered mesh stripe with colorblock panel,Sleeveless; scoop neckline; racerback; Under Armour logo at upper back; breathable semi-sheer mesh construction; bright orange horizontal colorblock panel,Not confirmed,Not confirmed,Good pre-owned; final inspection required,"No obvious holes, tears, or major stains visible. Inspect for marks, snags, pilling, stretching, underarm wear, and discoloration. Size, material, technology line, and country remain unconfirmed until the care tag is photographed.",,,,,$6.00,$10.00,$15.00,"Comparable pre-owned Under Armour women's racerback tanks sold around $13.95, while new examples sold around $15.29-$19.99. Because this item's exact size and model are unconfirmed and it is pre-owned, a realistic turnover target is about $9-$12.",Unlisted,Poshmark / eBay,Women's Tops,Under Armour Women's White Orange Mesh Racerback Athletic Tank Top,"Under Armour women's white and light-gray mesh racerback athletic tank with a bright-orange horizontal colorblock panel and logo at the upper back. Good pre-owned condition; size, fabric, technology line, and country must be confirmed before publishing.",Athleisure,Racerback,Colorblock,,,
2026-06-24,A1-MD-0028,0028,A1,Ariat coral desert landscape agave graphic short-sleeve T-shirt,Ariat,Graphic T-Shirt,M,Coral / salmon / peach,Desert landscape and agave graphic,"Short sleeves; crew neck; large front desert landscape graphic with sun, layered hills, agave plant, and ARIAT wordmark; fitted women's silhouette; tagless printed label",Cotton / polyester blend; exact percentages not confirmed,El Salvador,Good pre-owned with graphic wear; final inspection required,"Visible fading and cracking within the distressed front graphic, plus light general wear and wrinkling. A small dark surface mark may be present near the neckline. No obvious holes or major stains visible. Inspect collar, underarms, graphic, seams, and hem before listing.",,,,,$8.00,$13.00,$18.00,"Comparable sold Ariat graphic tees showed a wide range: a flawed women's medium sold near $4.99, cleaner western graphic examples sold around $15-$17, and a women's medium long-sleeve example sold higher near $21.84. Visible print wear supports a realistic target around $12-$15.",Unlisted,Poshmark / eBay,Women's Tops,Ariat Women's M Coral Desert Agave Graphic T-Shirt Western Ranchwear,"Ariat women's size M coral-salmon short-sleeve graphic T-shirt featuring a distressed desert landscape with sun, layered hills, agave plant, and ARIAT wordmark. Made in El Salvador. Good pre-owned condition with visible graphic wear and light general wear.",Western,Ranchwear,Graphic,,,
2026-06-24,A1-MD-0029,0029,A1,Under Armour HeatGear Alter Ego Superman loose-fit graphic T-shirt,Under Armour,Athletic Graphic T-Shirt,M,"Navy blue with red, yellow, and gray",Superman shield graphic,Short sleeves; crew neck; raglan shoulder seams; large Superman S-shield front graphic; red Under Armour sleeve logo; HeatGear; Loose fit; tagless printed label,Not confirmed,Indonesia,Good pre-owned with graphic wear; final inspection required,"Visible fading and wear within the large front Superman graphic, plus light lint and general wear. No obvious holes, tears, or major stains visible. Inspect collar, underarms, seams, hem, front graphic, and sleeve logo before listing.",,,,,$14.00,$20.00,$28.00,"Comparable sold Under Armour Superman HeatGear shirts included a Loose-fit example around $19.95 and men's medium compression examples around $24.99-$29.99. This item is Loose fit and shows visible graphic wear, supporting a realistic target around $18-$22 rather than the higher compression-shirt range.",Unlisted,Poshmark / eBay,Men's Tops,Under Armour Superman Men's M HeatGear Loose Navy Graphic T-Shirt,"Under Armour men's size M HeatGear Loose short-sleeve shirt in navy blue featuring a large Superman S-shield graphic and red Under Armour sleeve logo. Made in Indonesia. Good pre-owned condition with visible graphic fading, light lint, and general wear.",Superhero,Athletic,Graphic,,,
2026-06-24,A1-MD-0030,0030,A1,St. John's Bay purple embroidered crinkle cotton peasant blouse,St. John's Bay,Peasant Blouse,L,"Deep purple / plum with pink, white, and yellow embroidery",Floral embroidery,Short sleeves; split neckline; braided tie front; floral embroidery across chest and shoulders; crinkle gauze texture; relaxed peasant silhouette,100% cotton excluding decoration,Bangladesh,Good pre-owned; final inspection required,"Crinkle texture and light general wear are visible. No obvious holes, tears, or major stains visible. Inspect embroidery, neckline ties, underarms, sleeve hems, side seams, and lower hem before listing.",,,,,$6.00,$9.00,$14.00,"Accessible market evidence for similar St. John's Bay purple tops was around $9.80 sold, while a comparable plum boho blouse in Large was listed near $10 without a confirmed sale. Brand demand is modest, so a realistic turnover target is about $8-$11.",Unlisted,Poshmark / eBay,Women's Tops,St John's Bay Women's L Purple Embroidered Cotton Peasant Blouse Boho,"St. John's Bay women's size L deep-purple crinkle cotton peasant blouse with pink, white, and yellow floral embroidery, split neckline, braided tie, and relaxed silhouette. Made from 100% cotton in Bangladesh. Good pre-owned condition.",Boho,Embroidered,Peasant,,,
2026-06-24,A1-MD-0031,0031,Removed,Nike lime green textured performance golf polo shirt,Nike,Golf Polo,Not confirmed,Lime / light green,Textured micro-dot solid,Short sleeves; three-button placket; self collar; Nike Swoosh on sleeve; curved athletic seam construction; lightweight textured performance knit,Not confirmed,Not confirmed,Removed from inventory / not for sale,Removed from active inventory on 2026-06-24 due to visible staining and low expected return. Do not list. Permanent SKU A1-MD-0031 is retired and must not be reused.,,,,,$4.00,$7.00,$10.00,"Clean lime-green Nike Golf Dri-FIT polos sold around $10-$14.99. The visible staining and unconfirmed size materially reduce this item's value, supporting an as-is realistic target around $5-$8.",Donated / Liquidated,,Men's Tops,Nike Men's Lime Green Performance Golf Polo Shirt Swoosh Stained,"Nike men's lime-green short-sleeve performance golf polo with a three-button placket, self collar, textured knit, curved athletic seams, and sleeve Swoosh. Fair pre-owned condition with visible tan-orange staining. Size and material are not confirmed.",Golf,Performance,Bright,,,
2026-06-24,A1-MD-0032,0032,A1,Adidas AEROREADY charcoal gray 3-Stripes short-sleeve athletic shirt,Adidas,Athletic T-Shirt,M,Heather charcoal gray with white stripes and black logo,Heathered solid with 3-Stripes,Short sleeves; crew neck; white 3-Stripes along shoulders and sleeves; black Adidas chest logo; AEROREADY; lightweight athletic construction; mesh interior panel,Not confirmed,Not confirmed,Good pre-owned; final inspection required,"No obvious holes, tears, major stains, or logo damage visible. Light general wear and wrinkling may be present. Inspect collar, shoulder stripes, underarms, seams, hem, chest logo, and interior before listing. Confirm material and country from the care tag.",,,,,$8.00,$13.00,$18.00,"Comparable gray Adidas 3-Stripes performance shirts sold around $14.22-$18.99, though the stronger example was long-sleeved. This standard short-sleeve men's medium shirt should realistically target about $11-$15 in clean condition.",Unlisted,Poshmark / eBay,Men's Tops,Adidas Men's M AEROREADY Gray 3-Stripes Short Sleeve Athletic Shirt,"Adidas men's size M heather-charcoal AEROREADY short-sleeve athletic shirt with white 3-Stripes across the shoulders and sleeves, black chest logo, crew neck, and lightweight performance construction. Good pre-owned condition.",Athletic,3-Stripes,Performance,,,
2026-06-26,A2-MD-0033,0033,A2,Judy Blue light-wash distressed ripped skinny jeans with raw hem,Judy Blue,Distressed Skinny Jeans,9/29,Light blue,Distressed / ripped,Five-pocket design; button and zip closure; skinny/tapered leg; heavy front distressing; raw unfinished hems; branded back waistband patch,Not confirmed,Not confirmed,Good pre-owned; final inspection required,"Visible intentional distressing and ripped areas throughout the front legs, plus raw hems and normal light-wash fading. No obvious major stains or damage beyond the designed distressing visible in supplied photos. Verify stretch, rise, inseam, fabric content, style number, and all measurements before listing.",Not provided,Pending research,Pending research,Pending — sold count divided by active count,$15.00,$23.00,$30.00,Comparable pre-owned Judy Blue size 9/29 light-wash distressed jeans were commonly listed or ended around the mid-teens to high-$20s. Exact model and 90-day eBay counts remain unconfirmed; realistic target about $20-$26 if clean.,Poshmark Listed / eBay Pending,Poshmark,Women's Bottoms,Judy Blue Womens 9/29 Light Wash Distressed Ripped Skinny Jeans Raw Hem,"Judy Blue women's size 9/29 light-wash skinny jeans featuring heavy front distressing, ripped details, five-pocket styling, button-and-zip closure, branded back waistband patch, and raw unfinished hems. Good pre-owned condition with intentional distressing and normal wash fading; verify measurements, fabric content, rise, inseam, and style number before publishing.",Distressed,Skinny,Light Wash,,,
2026-06-26,A2-MD-0034,0034,A2,Royal blue solid short-sleeve polo shirt,Not confirmed,Polo Shirt,Not confirmed,Royal blue / cobalt blue,Solid,"Short sleeves; ribbed polo collar; straight hem; smooth knit or performance-style fabric; front, placket, chest logo, and branding not visible in supplied photo",Not confirmed,Not confirmed,Pre-owned; final inspection required,"Back view only. No obvious holes, tears, or major stains are visible on the photographed back. Inspect the front, placket, collar, underarms, sleeves, hem, seams, fabric for snags or pulls, and all branding before listing. Confirm size, material, country, fit, and measurements.",Not provided,Pending research,Pending research,Pending — sold count divided by active count,$5.00,$8.00,$12.00,"Generic unbranded polo estimate; identify front, brand, size and material before listing.",Needs Review,Poshmark / eBay,Not Confirmed,Royal Blue Short Sleeve Polo Shirt Solid Casual Golf Performance Style,"Royal-blue solid short-sleeve polo shirt with a ribbed collar, straight hem, and smooth knit or performance-style fabric. Brand, size, material, country, front details, and measurements are not confirmed. Back appears clean in the supplied photo; complete inspection required before publishing.",Polo,Solid,Classic,,,
2026-06-26,A2-MD-0035,0035,A2,Lands' End black elastic-waist straight-leg casual pants,Lands' End,Casual Pants / Chinos,42 Regular,Black,Solid,Elasticized comfort waistband; belt loops; front button and zip closure; side-entry front pockets; two rear flap pockets with one button closure; straight-leg silhouette,Not confirmed,Not confirmed,Good pre-owned; final inspection required,"Light normal wear, wrinkling, and minor surface lint are visible. No obvious holes, tears, or major stains appear in the supplied photos. Inspect the waistband elastic, zipper, button, pocket flaps, seat, inner thighs, knees, hems, and seams before listing. Confirm inseam, rise, leg opening, material, and country of manufacture.",Not provided,Pending research,Pending research,Pending — sold count divided by active count,$12.00,$18.00,$25.00,"Brand/category estimate; size 42 and comfort waist help, but exact material and inseam are missing.",Unlisted,Poshmark / eBay,Men's Bottoms,Lands End Mens 42 Black Elastic Waist Casual Pants Straight Leg,"Lands' End men's size 42 Regular black casual pants with an elasticized comfort waistband, belt loops, button-and-zip closure, side-entry front pockets, rear flap pockets, and a straight-leg silhouette. Good pre-owned condition with light normal wear and wrinkling. Confirm material, inseam, rise, leg opening, and country before publishing.",Classic,Comfort,Casual,,,
2026-06-26,A2-MD-0036,0036,A2,St. John's Bay pale yellow interlock polo with navy stripe trim,St. John's Bay,Polo Shirt,S/P,Pale yellow / butter yellow,Solid with striped trim,Short sleeves; open placket; ribbed polo collar; navy double-stripe trim on collar and sleeve cuffs; straight hem; interlock knit construction,100% cotton,Vietnam,Pre-owned; needs final inspection,"Light normal wear and wrinkling are visible. Small dark marks or spots may be present on the front and should be inspected or treated before listing. Check the collar, sleeve cuffs, underarms, placket, seams, and hem. Confirm measurements before publishing.",Not provided,Pending research,Pending research,Pending — sold count divided by active count,$5.00,$8.00,$12.00,Condition-adjusted estimate; small size and possible marks make this a low-priority listing.,Unlisted,Poshmark / eBay,Men's Tops,St Johns Bay Mens S Yellow Interlock Polo Shirt Navy Stripe Cotton,"St. John's Bay men's size S/P pale-yellow interlock polo made from 100% cotton. Features an open placket, ribbed collar, navy double-stripe trim on the collar and sleeve cuffs, short sleeves, and a straight hem. Pre-owned with light wear and possible small marks; inspect and confirm measurements before publishing.",Preppy,Classic,Nautical,,,
2026-06-26,A2-MD-0037,0037,A2,Brooks Brothers 346 olive green cotton chino pants,Brooks Brothers 346,Chino Pants / Casual Pants,W40/L30,Olive green,Solid,Flat front; belt loops; button and zip closure; angled front pockets; two rear welt pockets; straight-leg chino silhouette; striped pocket lining,100% cotton,China,Good pre-owned; final inspection required,"Light wrinkling and normal pre-owned wear are visible. No obvious major stains, holes, or tears appear in the supplied photos. Inspect the waistband, button, zipper, front pockets, rear pockets, seat, inner thighs, knees, hems, and seams. Confirm waist, rise, inseam, and leg-opening measurements before publishing.",Not provided,Pending research,Pending research,Pending — sold count divided by active count,$15.00,$22.00,$30.00,"Brand/category estimate; 40x30 is marketable, but the 346 diffusion line limits premium value.",Unlisted,Poshmark / eBay,Men's Bottoms,Brooks Brothers 346 Mens 40x30 Olive Green Cotton Chino Pants,"Brooks Brothers 346 men's olive-green chino pants in size W40/L30. Made from 100% cotton in China. Features a flat front, belt loops, button-and-zip closure, angled front pockets, two rear welt pockets, striped pocket lining, and a straight-leg silhouette. Good pre-owned condition with light normal wear and wrinkling. Confirm measurements and complete a final flaw inspection before publishing.",Classic,Preppy,Business Casual,,,
2026-06-26,A2-MD-0038,0038,A2,Columbia KM5080 black burgundy colorblock nylon windbreaker jacket,Columbia Sportswear Company,Windbreaker Jacket / Lightweight Outerwear,Men's M,Black / burgundy / maroon,Colorblock,"Snap-front placket; stand collar; black body with burgundy yoke, collar, and side panels; long sleeves; zippered hand pockets; lightweight nylon shell; model KM5080 H5",Shell: 100% nylon; lining components: 100% polyester and 100% nylon,Malaysia,Good pre-owned; final inspection required,"Visible wrinkling and light normal wear from storage are present. No obvious major holes, tears, or large stains appear in the supplied photos. Inspect the snap placket, pocket zippers, cuffs, collar, lining, seams, underarms, hem, and nylon shell for pulls, coating wear, or hidden damage before listing.",$8.00,Pending research,Pending research,Pending — sold count divided by active count,$18.00,$28.00,$40.00,"Retro outerwear estimate; verify age, measurements and full shell/lining condition.",Passed / Not Purchased,Poshmark / eBay,Men's Tops,Columbia Mens M Black Burgundy Nylon Colorblock Windbreaker Jacket,"Columbia Sportswear Company men's size M colorblock windbreaker jacket, model KM5080 H5. Black nylon shell with burgundy/maroon collar, yoke, and side panels, snap-front closure, long sleeves, stand collar, and zippered hand pockets. Shell is 100% nylon with polyester and nylon lining components. Made in Malaysia. Good pre-owned condition with light wear and wrinkling; complete a final flaw inspection before publishing.",Outdoor,Retro,Colorblock,PASSED - NOT PURCHASED,P3,Remove from listing queue
2026-06-26,A2-MD-0039,0039,A2,SpaceX lavender-gray organic cotton full-zip hoodie,Space Exploration Technologies Corp. label; authenticity unverified,Full-Zip Hoodie / Sweatshirt,L,Lavender-gray / light purple,Solid,Attached hood; full front zipper; tonal embroidered chest logo; split kangaroo pockets; ribbed cuffs and hem; soft fleece interior; cropped or shorter-body silhouette appears possible but is not confirmed,100% organic cotton according to label,China,Pre-owned; needs final inspection and authenticity review,"Clean-background images show the overall front, back, and label, but may not reveal all wear. Inspect the original garment for stains, pilling, shrinkage, odors, zipper function, cuff and hem wear, pocket damage, loose embroidery, and altered labels. Authenticity cannot be confirmed from the provided photos alone.",$4.00,Pending research,Pending research,Pending — sold count divided by active count,$15.00,$35.00,$70.00,Authenticity-dependent estimate; value changes sharply if not genuine. Very low confidence.,Needs Review,Poshmark / eBay,Not Confirmed,SpaceX Size L Lavender Organic Cotton Full Zip Hoodie Embroidered Logo,"Space Exploration Technologies Corp. full-zip hoodie in light lavender-gray, size L. Features an attached hood, full zipper, tonal embroidered chest logo, split front pockets, ribbed cuffs and hem, and fleece interior. Label states 100% organic cotton and made in China. Pre-owned; inspect the original garment and confirm measurements before publishing. Authenticity remains unverified.",Techwear,Streetwear,Athleisure,,,
2026-06-26,A2-MD-0040,0040,A2,American Eagle white stretch five-pocket jeans,American Eagle Outfitters,Women's Jeans / Denim Pants,Size not confirmed; approx. 31 in waist / 27.5 in inseam,White / ivory,Solid,"Five-pocket design; button-and-zip closure; belt loops; straight-to-slight-bootcut silhouette; STRETCH line tag; embroidered waistband branding; rear patch pockets; worn brown logo patch; approximate measurements: 15.5 in waist laid flat, 27.5 in inseam, 34.5 in outseam, and 6.5 in leg opening",Not confirmed; stretch denim,Not confirmed,Fair pre-owned; visible marks and wear,"Multiple small blue or dark marks, light discoloration, wrinkling, and wear to the rear logo patch are visible. Inspect the white fabric carefully for stains or yellowing, especially at the crotch, seat, knees, pockets, and hems. Verify zipper and button function. Ruler-photo measurements are approximate and should be rechecked before publishing.",Not provided,1 confirmed accessible 90-day comparable,9 accessible active comparables,11.1% estimated sampled sell-through,$13.60,$16.00,$18.36,"Low-confidence sampled market. Exact size, model, fabric, and country are unconfirmed. Accessible sold evidence included $13.60 for American Eagle stretch jeans and $18.36 for white stretch flare jeans. Accessible exact or near-active examples ranged about $9.95-$25. Visible marks and the unconfirmed fit limit value. Recommended list price: $19.99; fast-cash target: $12-$15.",Unlisted,Poshmark / eBay,Women's Bottoms,American Eagle Womens White Stretch Jeans Approx 31x28 Straight Leg,"American Eagle Outfitters women's white stretch five-pocket jeans with a button-and-zip closure, belt loops, embroidered interior waistband branding, rear patch pockets, and a straight-to-slight-bootcut silhouette. Approximate measurements from the supplied ruler photos: 15.5 in waist laid flat, 27.5 in inseam, 34.5 in outseam, and 6.5 in leg opening. Size, exact model, material, and country remain unconfirmed. Fair pre-owned condition with visible small marks, light discoloration, wrinkling, and wear to the rear logo patch; review all photos and verify measurements before purchasing.",Casual,Classic,Stretch Denim,,,
2026-06-26,A2-MD-0042,0042,A2,Mondetta Performance + Luxury black straight-leg stretch pants,Mondetta,Women's Active Pants / Pull-On Straight-Leg Pants,M,Black / charcoal,Solid,Performance + Luxury line; wide pull-on waistband; straight-leg silhouette; long vertical seam detailing; small gold Mondetta logo at rear waistband; soft stretch performance fabric,Shell: 84% polyester / 16% spandex,Jordan,Pre-owned; final inspection required,"Light lint and wrinkling are visible in the supplied photos. No obvious major holes or tears are visible, but inspect the waistband, rise, crotch, seat, inner thighs, knees, seams, hems, and logo print before publishing. Confirm waist, rise, inseam, outseam, leg opening, pockets, and shipping weight.",Not provided,Unavailable — exact 90-day sold count not verified,9 accessible similar active listings,Unavailable — exact sell-through not reliable,$10.00,$16.00,$22.00,Broader market estimate; exact sold comps are incomplete and measurements are missing.,Needs Review,Poshmark / eBay,Women's Bottoms,Mondetta Womens M Black Stretch Straight Leg Pull On Pants Performance Luxury,"Mondetta Performance + Luxury women's black pull-on stretch pants in size M. Made in Jordan from 84% polyester and 16% spandex. Features a wide waistband, straight-leg silhouette, long vertical seam detailing, and subtle gold Mondetta branding at the rear waistband. Pre-owned condition with light lint and wrinkling visible. Confirm measurements, pockets, shipping weight, and complete a final flaw inspection before publishing.",Athleisure,Straight Leg,Travel,,,
2026-06-27,A2-MD-0043,0043,A2,Nike Sphere charcoal gray textured mesh V-neck performance shirt,Nike Sphere,Athletic Performance T-Shirt,M,Charcoal gray / dark gray,Solid textured mesh,Short sleeves; V-neck; small Nike Swoosh at chest; Nike Sphere circular logo near lower hem; breathable textured mesh construction; curved drop-tail hem,Not confirmed; synthetic performance mesh,Taiwan,Good pre-owned; final inspection required,"Light normal wear and wrinkling are visible. Possible small surface marks are present on the front. No obvious major holes or tears are visible in the supplied photos. Inspect the neckline, underarms, mesh fabric, seams, logos, sleeves, and hem before publishing. Ruler photos suggest approximately 20 in pit to pit and 25 in length, but measurements must be rechecked.",Not provided,Pending research,Pending research,Pending — sold count divided by active count,$12.00,$20.00,$30.00,"Niche Nike Sphere/Y2K estimate; confirm exact model, fabric and measurements.",Unlisted,Poshmark / eBay,Men's Tops,Nike Sphere Mens M Gray Mesh V Neck Performance Athletic Shirt,"Nike Sphere men's size M charcoal-gray short-sleeve performance shirt with a V-neck, breathable textured mesh construction, small chest Swoosh, circular Sphere logo near the lower hem, and a curved drop-tail hem. Made in Taiwan. Good pre-owned condition with light wear and possible small surface marks. Confirm fabric composition and measurements before publishing.",Performance,Y2K Athletic,Mesh,,,
2026-06-27,A2-MD-0044,0044,A2,Levi's faded black denim trucker jacket,Levi's,Denim Trucker Jacket / Jean Jacket,Tagged size not shown; approx. 18 in pit to pit / 19 in length,Faded black / charcoal gray,Solid,"Button-front closure; pointed collar; two button-flap chest pockets; two vertical hand pockets; silver-tone branded buttons; red Levi's tab; fitted/cropped trucker silhouette; approximate measurements: 18 in pit to pit, 19 in length, 26 in sleeve, and about 16-17 in across the upper body/hem",Denim; fiber composition not confirmed,Not confirmed,Good pre-owned; visible fading and final inspection required,"Even faded black/charcoal wash and light normal wear are visible. No obvious major stains, holes, or tears appear in the supplied photos. Inspect the collar, cuffs, underarms, pocket edges, button placket, seams, hem, and interior labels. Verify all measurements and photograph the brand, size, material, and country tags before publishing.",Not provided,3 accessible sold examples; exact 90-day total not verified,4 accessible active examples; exact marketplace total not verified,Unavailable — search sample is not a complete eBay count,$22.99,$29.95,$40.00,"Low-confidence accessible market sample. Sold examples were $22.99, $29.95, and $40.00; current Poshmark asks were approximately $32-$50 for similar black women's Levi's trucker jackets. Exact size/model, material, and complete eBay totals remain unconfirmed. Recommended eBay list price: $34.99; Poshmark: $38; fast-cash target: $24-$28.",Needs Review,Poshmark / eBay,Other,Levis Womens Black Denim Trucker Jacket Faded Wash Cropped 18x19,"Levi's faded black denim trucker jacket with a pointed collar, button front, two flap chest pockets, two hand pockets, silver-tone branded hardware, and red tab. Approximate measurements from the supplied ruler photos: 18 in pit to pit, 19 in length, 26 in sleeve, and about 16-17 in across the upper body/hem. Tagged size, fiber content, country, and exact model were not shown. Good pre-owned condition with even fading and light normal wear; complete a final flaw inspection and verify measurements before publishing.",Grunge,Y2K,Cropped,,,
2026-06-27,A2-MD-0045,0045,A2,Lauren Ralph Lauren navy double-breasted gold-button blazer,Lauren Ralph Lauren,Women's Blazer / Sport Coat,"20W (photographed tag; user estimated 42R, unconfirmed)",Navy blue,Solid,Double-breasted front; peaked lapels; gold-tone embossed buttons; four gold-tone cuff buttons; chest welt pocket; two lower patch pockets; purple lining; structured tailored silhouette,Not confirmed,Not confirmed,Pre-owned; needs lint removal and final inspection,"Heavy visible lint, hair, and surface debris are present across the navy fabric. No obvious major holes or large stains are visible in the supplied photos, but the blazer is not listing-ready. Lint-roll or professionally clean, steam, inspect the lining, underarms, cuffs, lapels, pockets, buttons, seams, and hem, and photograph the care/material tag. The photographed manufacturer size tag reads 20W; do not list as 42R unless another original tag proves it.",Not provided,Pending research,Pending research,Pending — sold count divided by active count,$20.00,$30.00,$45.00,"Plus-size blazer estimate after cleaning; verify material, measurements and photographed 20W size.",Needs Review,Poshmark / eBay,Other,Lauren Ralph Lauren Womens 20W Navy Double Breasted Blazer Gold Buttons,"Lauren Ralph Lauren women's navy blazer with a photographed size 20W tag. Features a double-breasted front, peaked lapels, gold-tone embossed buttons, four-button cuffs, chest welt pocket, lower patch pockets, structured tailoring, and purple lining. Pre-owned with heavy visible lint and surface debris; clean, steam, verify measurements and material, and complete a final flaw inspection before publishing.",Preppy,Classic,Business Casual,,,
2026-06-27,A2-MD-0046,0046,A2,Brooks Brothers orange cotton quarter-zip pullover with striped trim,Brooks Brothers,Quarter-Zip Pullover / Sweatshirt,S,Burnt orange / coral with navy and teal accents,Solid with striped trim,Long sleeves; quarter-zip mock neck; embroidered Golden Fleece chest logo; navy double-stripe trim at collar and cuffs; contrast teal interior neck tape; ribbed cuffs and hem; casual preppy silhouette,100% cotton,China,Good pre-owned; final inspection required,"Light normal wear and wrinkling are visible. A few faint small surface marks or spots may be present on the front and sleeves. Inspect and treat before eBay listing; verify zipper operation, collar, cuffs, underarms, seams, hem, embroidery, and all measurements.",Not provided,1 accessible close sold example; exact 90-day total not verified,2 accessible close active examples; exact marketplace total not verified,Unavailable — incomplete public search sample,$24.99,$28.00,$35.00,"Low-confidence accessible market sample. A close Brooks Brothers orange 100% cotton quarter-zip in men's L sold for $29.99 in good condition with spots. Similar active orange or small quarter-zips were near $27.99-$28.00, with stronger variants higher. Recommended eBay list price: $34.99; realistic fast-cash target: $24-$28. Exact 90-day eBay totals remain unverified.",Poshmark Listed / eBay Pending,Poshmark,Men's Tops,Brooks Brothers Mens S Orange Cotton Quarter Zip Pullover Logo,"Brooks Brothers men's size S quarter-zip pullover in burnt orange/coral 100% cotton. Features an embroidered Golden Fleece chest logo, navy double-stripe trim at the mock collar and cuffs, contrast teal interior neck tape, long sleeves, and ribbed finishes. Good pre-owned condition with light wear and possible faint small marks; inspect all photos and measurements before purchase.",Preppy,Quarter Zip,Golf,,,
2026-06-27,A2-MD-0047,0047,A2,KUT from the Kloth Catherine Boyfriend dark green velveteen pants,KUT from the Kloth,Women's Boyfriend Pants / Velveteen Jeans,14,Very dark green / black-green,Solid,"Catherine Boyfriend fit; five-pocket styling; button and zip closure; soft velvet-like cotton fabric; straight-to-relaxed leg; style KP494MQ9; approximate measurements: 17.5 in waist flat, 27 in inseam, 8 in leg opening flat",98% cotton / 2% spandex,China,Good pre-owned; final inspection required,"Visible lint, wrinkling, and normal surface variation are present in the velvet-like fabric. No obvious major holes or tears appear in the supplied photos. Lint-roll carefully, steam from the reverse if safe, and inspect the waistband, zipper, button, crotch, seat, inner thighs, knees, pockets, seams, and hems before listing. Verify measurements before publishing.",Not provided,Pending exact 90-day sold count,Pending exact active count,Pending — exact sold count divided by active count,$18.00,$24.00,$32.00,"Provisional low-confidence range based on accessible KUT from the Kloth Catherine Boyfriend and corduroy/velvet-style comparables. Size-14 Catherine boyfriend examples were positioned near $21.50-$24.99, while a similar Catherine corduroy pair was listed around $32.98. Exact style KP494MQ9 sold totals and a complete 90-day eBay STR remain unverified. Suggested eBay list price: $32.99; realistic fast-sale target: $22-$26.",Needs Review,Poshmark / eBay,Women's Bottoms,KUT from the Kloth Catherine Boyfriend Pants Womens 14 Dark Green Velvet,"KUT from the Kloth Catherine Boyfriend pants in women's size 14, style KP494MQ9. Very dark green to black-green velvet-like 98% cotton and 2% spandex fabric with five-pocket styling, button and zip closure, and relaxed straight boyfriend fit. Approximate measurements: 17.5 inches waist flat, 27-inch inseam, and 8-inch leg opening flat. Good pre-owned condition with visible lint and wrinkling; complete a final flaw inspection and verify measurements before publishing.",Boyfriend,Velvet,Dark Academia,,,
2026-06-27,A2-MD-0048,0048,A2,Nautica white sailing windbreaker jacket with black stripe,Nautica,Men's Windbreaker Jacket / Lightweight Outerwear,XL,White / ivory with black accents,Colorblock / striped,"Full front closure with snap storm placket; black stand collar; black double-stripe chest and back detail; embroidered/printed Nautica sailboat sleeve graphic; two zippered hand pockets; elastic cuffs and hem; lightweight lined sailing silhouette; approximate ruler-photo measurements: 25 in pit to pit, 27 in length, 30 in sleeve from collar; verify before listing",Outer shell and lining materials not confirmed,Not confirmed,Pre-owned; cleaning and final inspection required,"Visible wrinkling, light yellowing or discoloration near the left underarm/chest area, and several small dark surface marks on the sleeves/body are present in the supplied photos. White outerwear shows flaws easily. Clean before listing and inspect the collar, placket, zipper/snaps, pockets, cuffs, elastic hem, lining, underarms, sleeve graphic, seams, and all white fabric under bright neutral light. Verify measurements and material/country tags before publishing.",Not provided,Exact 90-day sold count unavailable from accessible public results,At least 2 close active examples located; exact marketplace total not verified,Unavailable — incomplete eBay sold and active counts,$25.00,$34.00,$45.00,"Provisional low-confidence market range. A close Nautica men's white XL lined sailing windbreaker was actively listed at $40, and a comparable white embroidered-logo 2X windbreaker was active at $27.99. These are asking prices, not confirmed sold comps. Recommended eBay list price after cleaning: $44.99; realistic fast-sale target: $30-$35. Exact 90-day STR remains unavailable until complete sold and active counts are captured.",Poshmark Listed / eBay Pending,Poshmark,Men's Tops,Nautica Mens XL White Sailing Windbreaker Jacket Black Stripe Logo,"Nautica men's size XL white/ivory sailing windbreaker with black stand collar, double-stripe chest and back accents, Nautica sailboat sleeve graphic, front closure with snap storm placket, zippered hand pockets, and elastic cuffs and hem. Approximate measurements from supplied ruler photos: 25 inches pit to pit, 27 inches length, and 30 inches sleeve from collar; verify before listing. Pre-owned with visible wrinkling, light discoloration, and small surface marks. Clean and complete a final flaw inspection before publishing.",Nautical,Sailing,Y2K,,,
2026-06-27,A2-MD-0049,0049,A2,Columbia red plaid stretch long-sleeve shirt with tags,Columbia,Men's Long-Sleeve Button-Up Shirt,XXL,"Red, burgundy, tan, and navy",Plaid,"Full button front, spread collar, buttoned chest pocket, curved hem, stretch fabric, style AA11523 / 1617951, retail tags attached",98% cotton / 2% elastane,India,New with tags; final inspection required,"Appears unworn with retail tags attached. Inspect for storage marks, odors, missing buttons, loose threads, seam issues, and hidden flaws. Verify measurements before listing.",Not provided,Exact 90-day sold count unavailable,Multiple close active examples; exact total unverified,Unavailable — incomplete sold and active counts,$25.00,$32.00,$40.00,Comparable used Columbia red plaid XXL shirts were listed around $15.57-$26. Similar new-with-tags stretch flannel shirts were positioned near $35-$39.95. Recommended eBay list price: $39.99; fast-sale target: $28-$33. Exact 90-day STR remains unavailable.,Poshmark Listed / eBay Pending,Poshmark,Men's Tops,Columbia Mens XXL Red Plaid Stretch Shirt Button Up New With Tags,"Columbia men's XXL red plaid long-sleeve button-up shirt in 98% cotton and 2% elastane. Features a spread collar, buttoned chest pocket, full button front, and curved hem. Style AA11523 / 1617951. New with retail tags attached; verify measurements and complete final inspection before listing.",Outdoor,Flannel,Cabincore,,,
2026-06-27,A2-MD-0050,0050,A2,Fabletics men's black utility performance jogger pants,Fabletics,Men's Athletic Jogger / Utility Cargo Pants,L,Black with turquoise accents,Solid,Elastic ribbed waistband and ankle cuffs; bright turquoise adjustable drawcord; front hand pockets; zippered thigh utility pocket; additional cargo/utility pocket details; tapered athletic fit; Fabletics item number 01847; approximate ruler-photo inseam and overall measurements require verification before listing,Not confirmed — care/fabric tag not supplied,Vietnam,Good pre-owned; final inspection required,"Brand was initially misidentified as Carhartt Force, but the interior tag confirms Fabletics, size L, item number 01847, made in Vietnam. Visible light lint and normal handling wrinkles are present. Inspect drawcord, waistband, cuffs, zippers, pockets, crotch, seat, knees, seams, and hems; verify exact measurements and locate the material/care tag before publishing.",Not provided,Exact 90-day sold count unavailable from accessible public results,At least 1 close active example located; exact marketplace total not verified,Unavailable — incomplete current 90-day sold and active counts,$17.50,$23.00,$30.00,"Provisional range based on accessible used Fabletics men's black jogger sales at $17.50, $23.99, and $25.00, plus a close active black jogger near $24.99. These accessible sales are not a complete current 90-day dataset. Recommended eBay list price: $29.99; realistic fast-sale target: $21-$25. Exact style name and fabric remain unconfirmed.",Poshmark Listed / eBay Pending,Poshmark,Men's Bottoms,Fabletics Mens L Black Utility Cargo Jogger Pants Turquoise Drawstring,"Fabletics men's size L black utility performance jogger pants, item number 01847. Features a ribbed elastic waistband and cuffs, bright turquoise drawcord, front hand pockets, zippered thigh utility pocket, tapered athletic fit, and additional utility details. Made in Vietnam. Good pre-owned condition with light lint and handling wrinkles; verify measurements, material tag, and all pocket and zipper functions before listing.",Athleisure,Techwear,Utility,,,
2026-06-28,,,Pending confirmation,Wrangler Western Shirts teal navy plaid long-sleeve button-up shirt,Wrangler Western Shirts,Men's Plaid Button-Up Shirt,M/M,"Teal, navy, white and gray",Plaid,Long sleeves; button front; flap chest pocket; pointed collar; western-workwear styling; permanent-press construction,65% polyester / 35% cotton,Bangladesh,Pre-owned; final inspection required,"Uploaded tag confirms size M/M, permanent press, 65% polyester / 35% cotton and Made in Bangladesh. Back view, measurements, storage location, cost and complete flaw inspection remain pending. Source images saved in the 2026-06-29 Tag Intake folder.",Not provided,Pending research,Pending research,Pending — sold count divided by active count,$8.00,$13.00,$18.00,"Provisional value based on comparable pre-owned Wrangler plaid western/button-up shirts. Exact model, material and condition remain unverified.",Needs Review,Poshmark / eBay / Mercari,Men's Tops,Wrangler Western Shirts Mens M Teal Navy Plaid Button Up Shirt,"Wrangler Western Shirts men's size M/M long-sleeve permanent-press plaid button-up in teal, navy, white and gray. Made in Bangladesh from 65% polyester and 35% cotton. Features a button front, pointed collar and flap chest pocket. Measurements, back view and final flaw inspection remain pending.",Western,Plaid,Workwear,,,
2026-06-28,,,Pending confirmation,Woolrich Rugged Outdoorwear burgundy cotton button-up shirt,Woolrich Rugged Outdoorwear,Men's Cotton Button-Up Shirt,XL,Burgundy / faded red,Solid,Long sleeves; button-down collar; full button front; heritage outdoor styling,100% cotton,USA,Pre-owned; visible fading and possible lower-front flaw,"Uploaded tag corrects the prior size entry from M to XL and confirms 100% cotton and Made in USA. Visible fading and wrinkling remain, with a possible lower-front mark or abrasion. Back view, measurements, storage location, cost and complete flaw inspection remain pending. Do not claim vintage until independently dated. Source images saved in the 2026-06-29 Tag Intake folder.",Not provided,Pending research,Pending research,Pending — sold count divided by active count,$15.00,$24.00,$35.00,Provisional range based on Made-in-USA Woolrich cotton shirt comparables; value reduced for the possible lower-front flaw and incomplete photos.,Needs Review,Poshmark / eBay / Mercari,Men's Tops,Woolrich Mens XL Burgundy Cotton Button Up Shirt Made in USA,"Woolrich Rugged Outdoorwear men's size XL burgundy button-up shirt made in the USA from 100% cotton. Features long sleeves and a button-down collar. Pre-owned with fading, wrinkling and a possible small lower-front mark or abrasion; verify measurements and complete a final flaw inspection before publishing.",Heritage,Outdoor,Made in USA,,,
2026-06-30,,,Pending confirmation,Field & Stream 1871 plaid lined shirt jacket,Field & Stream 1871,Plaid Lined Shirt Jacket,Tagged size not readable; approx. 24 in pit-to-pit,"Cream, gray and dark navy/blue",Plaid,Long sleeves; snap/button front; black interior lining; two snap-flap chest pockets; shirt-jacket silhouette,Not confirmed,Not confirmed,Pre-owned; light wear visible; final inspection required,"Seven routed images now include full front, close brand label and measurement evidence. Approx. 24 in pit-to-pit and about 24 in shoulder-to-hem. Tagged size remains unreadable. Back view, care/material tag, country, storage location, cost and complete flaw inspection remain pending. Source folder: https://drive.google.com/drive/folders/1bfu7dNOB-8mO_M7z-3YzRP4RgKk0tlzf",Not provided,Pending research,Pending research,Pending — sold count divided by active count,$8.00,$15.00,$24.00,Provisional estimate based on comparable Field & Stream lined plaid shirt jackets. Unknown tagged size and material limit confidence.,Needs Review,Poshmark / eBay / Mercari,Men's Tops,Field & Stream 1871 Plaid Lined Shirt Jacket Approx 24 in Chest,"Field & Stream 1871 plaid lined shirt jacket in cream, gray and dark navy/blue. Features a snap/button front, long sleeves, black lining and two snap-flap chest pockets. Approx. 24 in pit-to-pit and about 24 in shoulder-to-hem. Tagged size, material, country, back view and complete condition remain unconfirmed.",Cabincore,Outdoor,Shacket,,,
2026-06-28,,,Pending confirmation,Brooks Brothers 346 slim-fit non-iron cotton plaid shirt,Brooks Brothers 346,Plaid Button-Up Shirt,Partially obscured; may read 4/5,Light gray / white plaid,Plaid,Slim Fit; Non-Iron; woven button-up construction; full garment features not shown,All cotton according to label,Malaysia,Condition not confirmed — full garment photos required,"Only the collar and label area are shown. Exact size, department, front/back construction, measurements, storage location, cost and condition remain unresolved. Do not list until full-item photos are supplied.",Not provided,Pending research,Pending research,Pending — sold count divided by active count,$12.00,$22.00,$33.00,Provisional estimate based on sold Brooks Brothers 346 non-iron plaid shirts ranging roughly from the low teens to low $30s. Exact size and condition are unresolved.,Needs Review,Poshmark / eBay / Mercari,Not Confirmed,Brooks Brothers 346 Slim Fit Non Iron Cotton Plaid Shirt,"Brooks Brothers 346 plaid shirt labeled Slim Fit, Non-Iron, all cotton and Made in Malaysia. Exact size, department, full garment features, measurements and condition remain unconfirmed because only the label area was supplied.",Preppy,Non-Iron,Slim Fit,,,
2026-06-28,,,Pending confirmation,DKNY gray blue micro-geometric button-up shirt,DKNY,Patterned Button-Up Shirt,M,Gray with blue and white accents,Micro-geometric,Button-up collar area with contrast micro-geometric trim; full garment features not shown,Not confirmed,China,Condition not confirmed — full garment photos required,"Only the collar and label area are shown. Material, full front/back construction, measurements, storage location, cost and condition remain unresolved.",Not provided,Pending research,Pending research,Pending — sold count divided by active count,$6.00,$10.00,$15.00,Low-confidence provisional estimate based on comparable used DKNY men's patterned button-up shirts. Full-item photos and material are missing.,Needs Review,Poshmark / eBay / Mercari,Men's Tops,DKNY Mens M Gray Blue Geometric Button Up Shirt,"DKNY size M gray button-up shirt with blue-and-white micro-geometric detailing. Made in China. Material, measurements, full garment view and complete condition remain pending.",Modern,Geometric,Business Casual,,,
2026-06-28,,,Pending confirmation,Eddie Bauer orange cream plaid button-up shirt,Eddie Bauer,Men's Plaid Button-Up Shirt,L,"Rust orange, cream, olive and dark gray",Plaid,Button-up collar area; full garment features not shown,Not confirmed,China,Condition not confirmed — full garment photos required,"Uploaded tag confirms Eddie Bauer men's size L and Made in China. Material, full front/back construction, measurements, storage location, cost and complete condition remain unresolved. Source images saved in the 2026-06-29 Tag Intake folder.",Not provided,Pending research,Pending research,Pending — sold count divided by active count,$11.00,$16.00,$22.00,Provisional estimate based on recent used Eddie Bauer men's plaid flannel/button-up sales around $11-$22. Full-item condition and material are unresolved.,Needs Review,Poshmark / eBay / Mercari,Men's Tops,Eddie Bauer Mens L Orange Plaid Button Up Shirt,"Eddie Bauer men's size L rust-orange, cream, olive and dark-gray plaid button-up shirt. Made in China. Material, full front/back views, measurements and complete condition remain pending.",Outdoor,Plaid,Cabincore,,,
2026-06-29,,,Pending confirmation,Licensed Superman DC Comics distressed shield graphic T-shirt,Superman / DC Comics licensed,Graphic T-Shirt,M (brand tag appears to show M; verify care tag),Navy blue with red and yellow graphic,Distressed Superman shield graphic,Short sleeves; crew neck; large distressed Superman S-shield front graphic; licensed DC Comics neck label,Not confirmed,Not confirmed,Pre-owned; full inspection required,"Brand licensing and graphic are visible. The label appears to show size M, but the care tag is unreadable. Verify size, material, country, measurements, print wear, collar, underarms and hem. Two source photos are saved in the 2026-06-29 Tag Intake folder.",Not provided,Pending research,Pending research,Pending — sold count divided by active count,$10.00,$16.00,$25.00,"Provisional category estimate only; distinct from Under Armour Superman item A1-MD-0029. Exact maker, age, material and condition are unconfirmed.",Needs Review,Poshmark / eBay / Mercari,Men's Tops,DC Comics Superman Mens M Navy Distressed Shield Graphic T Shirt,"Licensed Superman/DC Comics navy short-sleeve graphic T-shirt with a large distressed red-and-yellow S-shield. The brand tag appears to show size M. Material, country, measurements and complete condition remain unconfirmed; inspect the graphic, collar, underarms and hem before listing.",Superhero,Graphic,Distressed,,,
2026-06-29,,,Pending confirmation,Roundtree & Yorke Luxury Collection striped non-iron button-down shirt,Roundtree & Yorke,Men's Button-Down Shirt,S,"White, navy, gray and beige",Vertical stripes,Single-needle tailoring; non-iron finish; striped woven button-down; full garment features not shown,55% cotton / 45% polyester,Hong Kong,Condition not confirmed — full garment photos required,"Neck labels confirm size S, 55% cotton / 45% polyester, Made in Hong Kong, single-needle tailoring and non-iron finish. Full front/back, measurements, storage, cost and complete condition remain pending. Source photo is saved in the 2026-06-29 Tag Intake folder.",Not provided,Pending research,Pending research,Pending — sold count divided by active count,$6.00,$10.00,$15.00,Low-confidence provisional estimate; full garment photos and exact condition are missing.,Needs Review,Poshmark / eBay / Mercari,Men's Tops,Roundtree & Yorke Mens S Striped Non Iron Button Down Shirt,"Roundtree & Yorke Luxury Collection men's size S striped non-iron button-down shirt. Label states 55% cotton and 45% polyester, Made in Hong Kong, with single-needle tailoring. Full garment views, measurements and condition remain pending.",Business Casual,Striped,Non-Iron,,,
2026-06-29,,,Pending confirmation,Under Armour women's gray short-sleeve athletic blouse/top,Under Armour,Women's Athletic Top / Blouse,Not confirmed,Heather gray,Heathered solid,Short sleeves; lightweight heathered athletic fabric; Under Armour interior neck print; retail tag identifies W SS Blouse,Not confirmed,Cambodia,Pre-owned or store-tagged; full inspection required,"Interior print confirms Under Armour and Made in Cambodia. Retail tag identifies a women's short-sleeve blouse, but size, material, full front/back, measurements and condition are not visible. Source photo is saved in the 2026-06-29 Tag Intake folder.",Not provided,Pending research,Pending research,Pending — sold count divided by active count,$7.00,$12.00,$18.00,"Provisional Under Armour women's top estimate; size, model, material and condition remain unconfirmed.",Needs Review,Poshmark / eBay / Mercari,Women's Tops,Under Armour Womens Gray Short Sleeve Athletic Blouse Top,"Under Armour women's heather-gray short-sleeve athletic blouse or top, Made in Cambodia. The exact size, material, model, measurements and complete condition remain unconfirmed because only the neck area was photographed.",Athletic,Performance,Heathered,,,
2026-06-30,,,Pending confirmation,Nike Athletics red short-sleeve graphic T-shirt,Nike,Graphic T-Shirt,XL,Red,Solid,Short sleeves; crew neck; small centered Nike swoosh and ATHLETICS chest graphic; plain back; white-and-red woven Nike neck tag,Not confirmed,Mexico,Pre-owned; visible fading and possible small dark marks; final inspection required,"Full front, back and ruler photos correct the prior label-only misclassification: this is a short-sleeve T-shirt, not a fleece sweatshirt. Approx. 23 in pit-to-pit and about 24 in across the lower hem. Inspect the upper front/right sleeve area for possible dark marks. Length, material, storage location, cost and complete condition remain pending. Source folder: https://drive.google.com/drive/folders/1oqlB4ap205Z8EVIS3vU65me53882g5MM",Not provided,Pending research,Pending research,Pending — sold count divided by active count,,,,Pending sold-comparable research after category correction.,Needs Review,Poshmark / eBay / Mercari,Men's Tops,Nike Athletics Mens XL Red Short Sleeve Graphic T Shirt,"Nike men's size XL red short-sleeve crewneck T-shirt with a small centered swoosh and ATHLETICS chest graphic. Plain back. Approx. 23 in pit-to-pit and 24 in across the lower hem. Made in Mexico. Pre-owned with fading and possible small dark marks; verify material, length and complete condition before listing.",Athletic,Logo,Casual,,,
2026-06-30,,,Pending confirmation,Grey's Anatomy by Barco royal blue snap-front scrub jacket,Grey's Anatomy by Barco,Scrub Jacket / Warm-Up Jacket,M,Royal blue,Solid,Long sleeves; round neckline; snap front; two lower patch pockets; professional medical workwear,77% polyester / 23% rayon,Vietnam,Pre-owned; visible lint; final inspection required,"Six routed images now include full front, full back, label and three ruler views. Approx. 18.5 in pit-to-pit, 18.5 in shoulder-to-hem and 23 in across the lower hem. Storage location, cost, sleeve measurement and complete flaw inspection remain pending. Source folder: https://drive.google.com/drive/folders/1xxmMhod9vGJWmaVt7Hlebk7ygcVRvgK5",Not provided,Pending research,Pending research,Pending — sold count divided by active count,$8.00,$14.00,$20.00,Provisional scrub-jacket estimate; exact style number and complete condition remain unconfirmed.,Needs Review,Poshmark / eBay / Mercari,Women's Workwear / Scrubs,Greys Anatomy by Barco Womens M Royal Blue Snap Front Scrub Jacket,"Grey's Anatomy Professional Wear by Barco women's size M royal-blue snap-front scrub jacket. Long sleeves, round neckline and two lower patch pockets. 77% polyester / 23% rayon; Made in Vietnam. Approx. 18.5 in pit-to-pit, 18.5 in length and 23 in across the lower hem. Final inspection remains required.",Medical,Scrubs,Workwear,,,
2026-06-30,,,Pending confirmation,Nike cream sherpa fleece — label attachment must be verified,Nike (unconfirmed),Sherpa Fleece Jacket / Outerwear,Not confirmed,Cream,Not confirmed,Identification based on live thrift-scan photos; exact construction requires full intake photos.,Not confirmed,Not confirmed,Purchased; final inspection required,"Confirmed purchased. Full front, back, tag, measurements, storage location and complete condition must be verified before listing.",Not provided,,,35% estimated,,$30.00,,Provisional realistic sold value and estimated sell-through from the June 30 thrift scan; exact eBay sold and active counts remain pending.,Unlisted / Needs Review,Poshmark / eBay / Mercari,Not Confirmed,Nike Cream Sherpa Fleece Jacket Label Unverified,"Cream sherpa-fleece outerwear with a Nike label that still requires attachment and identity verification. Size, department, material, measurements, storage location, cost and full condition remain unconfirmed.",Sherpa,Fleece,Outdoor,,,
2026-06-30,,,Pending confirmation,GAP black utility/tech jacket,GAP,Utility / Tech Jacket,Not confirmed,Black,Not confirmed,Identification based on live thrift-scan photos; exact construction requires full intake photos.,Not confirmed,Not confirmed,Purchased; final inspection required,"Confirmed purchased. Full front, back, tag, measurements, storage location and complete condition must be verified before listing.",Not provided,,,35% estimated,,$30.00,,Provisional realistic sold value and estimated sell-through from the June 30 thrift scan; exact eBay sold and active counts remain pending.,Unlisted / Needs Review,Poshmark / eBay / Mercari,Not Confirmed,GAP Black Utility Tech Jacket Multi Pocket Outerwear,"GAP black utility or tech-style jacket. Exact model, size, department, material, zipper and lining details, measurements, storage location, cost and full condition remain unconfirmed.",Utility,Techwear,Minimalist,,,
2026-06-30,,,Pending confirmation,7 For All Mankind gray denim joggers,7 For All Mankind,Denim Jogger Pants,Not confirmed,Gray,Not confirmed,Identification based on live thrift-scan photos; exact construction requires full intake photos.,Not confirmed,Not confirmed,Purchased; final inspection required,"Confirmed purchased. Full front, back, tag, measurements, storage location and complete condition must be verified before listing.",$4.00,,,30% estimated,,$24.00,,Provisional realistic sold value and estimated sell-through from the June 30 thrift scan; exact eBay sold and active counts remain pending.,Unlisted / Needs Review,Poshmark / eBay / Mercari,Not Confirmed,7 For All Mankind Gray Denim Jogger Pants,"7 For All Mankind gray denim jogger-style pants. Department, tagged size, material, measurements, storage location and complete condition remain unconfirmed.",Denim,Jogger,Casual,,,
2026-06-30,,,Pending confirmation,Columbia black sherpa fleece jacket,Columbia,Sherpa Fleece Jacket,L,Black,Not confirmed,Identification based on live thrift-scan photos; exact construction requires full intake photos.,Not confirmed,Not confirmed,Purchased; final inspection required,"Confirmed purchased. Full front, back, tag, measurements, storage location and complete condition must be verified before listing.",Not provided,,,32% estimated,,$25.00,,Provisional realistic sold value and estimated sell-through from the June 30 thrift scan; exact eBay sold and active counts remain pending.,Unlisted / Needs Review,Poshmark / eBay / Mercari,Not Confirmed,Columbia Black Sherpa Fleece Jacket Size Large,"Columbia black sherpa-fleece jacket in size Large. Exact model, department, material, measurements, storage location, cost and complete condition remain unconfirmed; inspect cuffs, elbows, zipper and odor.",Outdoor,Sherpa,Fleece,,,
2026-06-30,,,Pending confirmation,Rockport tan leather plain-toe derby shoes,Rockport,Plain-Toe Derby Shoes,Not confirmed,Tan / Brown,Not confirmed,Identification based on live thrift-scan photos; exact construction requires full intake photos.,Not confirmed,Not confirmed,Purchased; final inspection required,"Confirmed purchased. Full front, back, tag, measurements, storage location and complete condition must be verified before listing.",Not provided,,,38% estimated,,$25.00,,Provisional realistic sold value and estimated sell-through from the June 30 thrift scan; exact eBay sold and active counts remain pending.,Unlisted / Needs Review,Poshmark / eBay / Mercari,Not Confirmed,Rockport Tan Leather Plain Toe Derby Shoes,"Rockport tan-brown leather plain-toe derby shoes. Tagged size, exact model, storage location, cost and complete condition remain unconfirmed; inspect soles, interiors and sole separation.",Leather,Derby,Classic,,,
2026-06-30,,,Pending confirmation,Abercrombie Kids pink high-rise wide-leg jeans,Abercrombie Kids,High-Rise Wide-Leg Jeans,13/14,Pink,Not confirmed,Identification based on live thrift-scan photos; exact construction requires full intake photos.,Not confirmed,Not confirmed,Purchased; final inspection required,"Confirmed purchased. Full front, back, tag, measurements, storage location and complete condition must be verified before listing.",$4.00,,,40% estimated,,$23.00,,Provisional realistic sold value and estimated sell-through from the June 30 thrift scan; exact eBay sold and active counts remain pending.,Unlisted / Needs Review,Poshmark / eBay / Mercari,Kids Bottoms,Abercrombie Kids Pink High Rise Wide Leg Jeans 13 14,"Abercrombie Kids pink high-rise wide-leg jeans in size 13/14. Material, measurements, exact style details, storage location and complete condition remain unconfirmed.",Wide Leg,High Rise,Colorful,,,
2026-06-30,,,Pending confirmation,NWT Lee jeans,Lee,Jeans / Denim Pants,Not confirmed,Not confirmed,Not confirmed,Identification based on live thrift-scan photos; exact construction requires full intake photos.,Not confirmed,Not confirmed,Purchased; final inspection required,"Confirmed purchased. Full front, back, tag, measurements, storage location and complete condition must be verified before listing.",$4.00,,,35% estimated,,$25.00,,Provisional realistic sold value and estimated sell-through from the June 30 thrift scan; exact eBay sold and active counts remain pending.,Unlisted / Needs Review,Poshmark / eBay / Mercari,Not Confirmed,Lee Jeans New With Tags Size and Fit Unconfirmed,"Lee jeans with retail tags attached. Department, size, fit, wash, measurements, storage location and tag or garment condition remain unconfirmed.",Denim,NWT,Classic,,,
2026-06-30,,,Pending confirmation,Adidas Amplifier graphic T-shirt,Adidas,Amplifier Graphic T-Shirt,5X,Not confirmed,Not confirmed,Identification based on live thrift-scan photos; exact construction requires full intake photos.,Not confirmed,Not confirmed,Purchased; final inspection required,"Confirmed purchased. Full front, back, tag, measurements, storage location and complete condition must be verified before listing.",Not provided,,,35% estimated,,$22.00,,Provisional realistic sold value and estimated sell-through from the June 30 thrift scan; exact eBay sold and active counts remain pending.,Unlisted / Needs Review,Poshmark / eBay / Mercari,Not Confirmed,Adidas Amplifier Graphic T Shirt Size 5X,"Adidas Amplifier graphic T-shirt in size 5X. Department, exact graphic, color, material, measurements, storage location, cost and complete condition remain unconfirmed.",Graphic,Athletic,Plus Size,,,
2026-06-30,,,Pending confirmation,Disney Parks red Mickey embroidered polo shirt,Disney Parks,Embroidered Polo Shirt,US XXL / EU XXXL / HK XXXL,Red,Solid,Short sleeves; ribbed polo collar; two-button placket; Disney Parks Authentic Original neck print; front embroidery not shown in current intake photos,Not confirmed,Philippines,Purchased; pre-owned; final inspection required,"Three routed images now confirm Disney Parks Authentic Original, red color, US XXL / EU-HK XXXL sizing and Made in Philippines. Full front/embroidery, material tag, measurements, storage location, allocated cost and complete condition remain pending. Source folder: https://drive.google.com/drive/folders/1hAd2H927mgL2MZ5ESGRiZSroCqp0D5k6",Not provided,,,30% estimated,,$22.00,,Provisional realistic sold value and estimated sell-through from the June 30 thrift scan; exact eBay sold and active counts remain pending.,Unlisted / Needs Review,Poshmark / eBay / Mercari,Not Confirmed,Disney Parks Red Mickey Embroidered Polo Shirt US XXL,"Disney Parks Authentic Original red polo shirt, tagged US XXL / EU XXXL / HK XXXL and Made in Philippines. Current photos confirm the neck print and back only. Verify the full front, embroidery, material, measurements and complete condition before publishing.",Disney,Embroidered,Polo,,,
2026-06-30,,,Pending confirmation,American Eagle brown utility/cargo pants,American Eagle,Utility / Cargo Pants,Not confirmed,Brown,Not confirmed,Identification based on live thrift-scan photos; exact construction requires full intake photos.,Not confirmed,Not confirmed,Purchased; final inspection required,"Confirmed purchased. Full front, back, tag, measurements, storage location and complete condition must be verified before listing.",Not provided,,,32% estimated,,$21.00,,Provisional realistic sold value and estimated sell-through from the June 30 thrift scan; exact eBay sold and active counts remain pending.,Unlisted / Needs Review,Poshmark / eBay / Mercari,Not Confirmed,American Eagle Brown Utility Cargo Pants,"American Eagle brown utility or cargo pants. Department, size, exact silhouette, material, measurements, storage location, cost and complete condition remain unconfirmed.",Cargo,Utility,Casual,,,
2026-06-30,,,Pending confirmation,Lucky Brand ankle jeans — ankle fit,Lucky Brand,Ankle Jeans,8 / 29,Not confirmed,Not confirmed,Identification based on live thrift-scan photos; exact construction requires full intake photos.,Not confirmed,Not confirmed,Purchased; final inspection required,"Confirmed purchased. Full front, back, tag, measurements, storage location and complete condition must be verified before listing.",$4.00,,,30% estimated,,$18.00,,Provisional realistic sold value and estimated sell-through from the June 30 thrift scan; exact eBay sold and active counts remain pending.,Unlisted / Needs Review,Poshmark / eBay / Mercari,Not Confirmed,Lucky Brand Ankle Jeans Size 8 29,"Lucky Brand ankle-fit jeans in size 8/29. Color, exact fit name, rise, material, measurements, storage location and complete condition remain unconfirmed.",Ankle,Denim,Casual,,,
2026-06-30,,,Pending confirmation,Spyder large-logo blue T-shirt,Spyder,Large-Logo Graphic T-Shirt,S/P,Blue,Not confirmed,Identification based on live thrift-scan photos; exact construction requires full intake photos.,Not confirmed,Not confirmed,Purchased; final inspection required,"Confirmed purchased. Full front, back, tag, measurements, storage location and complete condition must be verified before listing.",Not provided,,,22% estimated,,$15.00,,Provisional realistic sold value and estimated sell-through from the June 30 thrift scan; exact eBay sold and active counts remain pending.,Unlisted / Needs Review,Poshmark / eBay / Mercari,Not Confirmed,Spyder Large Logo Blue Graphic T Shirt Size S P,"Spyder blue large-logo graphic T-shirt in size S/P. Department, material, measurements, storage location, cost and complete condition remain unconfirmed.",Graphic,Sporty,Logo,,,
2026-06-30,,,Pending confirmation,Stafford Personal Collection white micro-grid long-sleeve dress shirt,Stafford,Men's Dress Shirt / Button-Up,16,White with black and gray grid,Micro-check / grid,Long sleeves; point collar; button front; curved shirttail hem; Stafford Personal Collection neck label,60% cotton / 40% polyester,Not confirmed,Pre-owned; wrinkling; final inspection required,"User corrected the brand identification to Stafford. Six routed images support a Stafford Personal Collection white micro-grid long-sleeve dress shirt, size 16, with 60% cotton / 40% polyester fabric. Approx. 20.5 in pit-to-pit, 30 in shoulder-to-hem and 25.5 in sleeve from shoulder seam. Country, storage location, cost and complete flaw inspection remain pending. Source folder: https://drive.google.com/drive/folders/1CqpQDRKKl_VGENwg4nNEjyxrbIZCqLDF",Not provided,Pending research,Pending research,Pending — sold count divided by active count,,,,Pending exact sold-comparable research.,Needs Review,Poshmark / eBay / Mercari,Men's Tops,Stafford Personal Collection Mens 16 White Grid Dress Shirt,"Stafford Personal Collection men's long-sleeve button-up dress shirt, size 16, in white with a fine black-and-gray grid pattern. 60% cotton / 40% polyester. Approx. 20.5 in pit-to-pit, 30 in length and 25.5 in sleeve. Pre-owned with wrinkling; country and complete condition remain unconfirmed.",Business Casual,Classic,Preppy,,,
2026-07-02,,,Pending confirmation,Ralph Lauren cream cropped utility jacket,Ralph Lauren (exact line unconfirmed),Women's Cropped Jacket / Lightweight Outerwear,L,Cream / ivory,Solid,Long sleeves; pointed collar; button-front closure; cropped silhouette; two button-flap chest pockets; structured utility-inspired design,Not confirmed,Not confirmed,Pre-owned; final inspection required,"Facebook Marketplace listing and garment photos confirm a cream cropped jacket and size L in the listing. Exact Ralph Lauren line, material, country, measurements, buttons, stains, discoloration and complete condition still require verification. Current Facebook asking price shown: $35; this is not a sold comparable.",Not provided,Pending research,Pending research,Pending — sold count divided by active count,,,,Current Facebook asking price: $35; sold-comp research pending.,Facebook Marketplace Listed / Needs Review,Facebook Marketplace,Women's Outerwear,Ralph Lauren Womens L Cream Cropped Utility Jacket Button Front,"Ralph Lauren women's cream/ivory cropped jacket, listed as size L, with a pointed collar, button front and two flap chest pockets. Exact label line, material, country, measurements and complete condition remain unconfirmed; inspect before cross-listing.",Cropped,Preppy,Utility,,,
2026-07-02,,,Pending confirmation,Levi's light-wash slim-fit denim jeans,Levi's,Men's Jeans / Denim Pants,33x30,Light blue wash,Solid denim wash,Slim/skinny fit stated in listing; five-pocket denim construction; belt loops; button-and-zip closure presumed but must be verified,Denim; fiber content not confirmed,Not confirmed,Pre-owned; final inspection required,"Facebook Marketplace listing identifies Levi's blue denim jeans in size 33x30 with a slim/skinny fit and light wash. Verify model/fit number, material percentages, rise, measurements, hems, crotch, stains and complete condition. Current Facebook asking price shown: $20; this is not a sold comparable.",Not provided,Pending research,Pending research,Pending — sold count divided by active count,,,,Current Facebook asking price: $20; sold-comp research pending.,Facebook Marketplace Listed / Needs Review,Facebook Marketplace,Men's Bottoms,Levis Mens 33x30 Light Wash Slim Fit Denim Jeans,"Levi's men's light-wash denim jeans in size 33x30, described as slim/skinny fit. Exact model, fabric content, measurements and complete condition remain unconfirmed; inspect the waistband, crotch, knees and hems before cross-listing.",Denim,Slim Fit,Light Wash,,,
2026-07-02,,,Pending confirmation,DKNY Stanton dark-blue stretch slim-fit jeans,DKNY,Men's Jeans / Denim Pants,32x30,Dark blue,Solid dark-wash denim,Stanton line; slim fit; stretch denim stated in listing; five-pocket styling; belt loops,Stretch denim; fiber percentages not confirmed,Not confirmed,Pre-owned; final inspection required,"Facebook Marketplace listing identifies DKNY Stanton men's jeans in size 32x30, dark blue, slim fit and stretch denim. Verify style tag, material percentages, rise, measurements, hardware, fading, marks and complete condition. Current Facebook asking price shown: $30; this is not a sold comparable.",Not provided,Pending research,Pending research,Pending — sold count divided by active count,,,,Current Facebook asking price: $30; sold-comp research pending.,Facebook Marketplace Listed / Needs Review,Facebook Marketplace,Men's Bottoms,DKNY Stanton Mens 32x30 Dark Blue Stretch Slim Fit Jeans,"DKNY Stanton men's dark-blue stretch jeans in size 32x30 with a slim-fit silhouette. Material percentages, measurements and complete condition remain unconfirmed; inspect the waistband, zipper, crotch, knees and hems before cross-listing.",Slim Fit,Stretch Denim,Dark Wash,,,
2026-07-02,,,Pending confirmation,Van Heusen navy suede-style button-up shirt,Van Heusen,Men's Long-Sleeve Button-Up Shirt,M,Navy blue,Solid,Long sleeves; button-front shirt construction; pointed collar; suede-like appearance stated in listing; 1990s/vintage claim requires verification,Suede claimed in listing; material tag not confirmed,Not confirmed,Pre-owned; final inspection required,"Facebook Marketplace listing describes a vintage Van Heusen navy suede button-up shirt in men's size M. Only partial garment imagery is available. Verify whether the fabric is genuine suede, microsuede or another textile; confirm age, material, country, measurements, buttons, lining and complete condition. Current Facebook asking price shown: $75; rarity is unsupported and should not be claimed without evidence.",Not provided,Pending research,Pending research,Pending — sold count divided by active count,,,,Current Facebook asking price: $75; sold-comp and material verification pending.,Facebook Marketplace Listed / Needs Review,Facebook Marketplace,Men's Tops,Van Heusen Mens M Navy Suede Style Button Up Shirt,"Van Heusen men's size M navy long-sleeve button-up shirt with a suede-like appearance. Genuine suede, exact age, material, measurements and complete condition are not confirmed; verify the care tag before making vintage or rarity claims.",Vintage Style,Suede Look,90s,,,
2026-07-02,,,Pending confirmation,Banana Republic gray plaid slim-fit button-down shirt,Banana Republic,Men's Long-Sleeve Button-Down Shirt,Not confirmed,Gray / white,Micro-plaid / check,Long sleeves; button-down collar; full button front; single chest pocket; Slim Fit label; curved shirttail hem,Not confirmed,Not confirmed,Pre-owned; final inspection required,"Front and back photos confirm a Banana Republic gray micro-plaid long-sleeve button-down with a Slim Fit label, button-down collar and chest pocket. Size, material, country, measurements, collar and cuff wear, stains and complete condition remain unconfirmed.",Not provided,Pending research,Pending research,Pending — sold count divided by active count,,,,Sold-comp research pending.,Facebook Marketplace Listed / Needs Review,Facebook Marketplace,Men's Tops,Banana Republic Mens Gray Plaid Slim Fit Long Sleeve Button Down Shirt,"Banana Republic men's gray-and-white micro-plaid long-sleeve button-down shirt with a Slim Fit label, button-down collar and chest pocket. Size, material, country, measurements and complete condition remain unconfirmed.",Business Casual,Plaid,Slim Fit,,,
2026-07-02,,,Pending confirmation,London Fog beige hooded raincoat,London Fog,Women's Hooded Raincoat / Lightweight Coat,M Petite,Beige / tan,Solid,Attached hood; concealed or covered front closure; long sleeves; two front welt pockets; mid-thigh coat length; lightweight raincoat silhouette,Not confirmed,Sri Lanka,Pre-owned; final inspection required,"Full front and label photos confirm London Fog, size M Petite and Made in Sri Lanka. Verify material, waterproofing, lining, closure type, hood construction, measurements, stains, discoloration, pocket condition and complete wear before listing.",Not provided,Pending research,Pending research,Pending — sold count divided by active count,,,,Sold-comp research pending.,Facebook Marketplace Listed / Needs Review,Facebook Marketplace,Women's Outerwear,London Fog Womens M Petite Beige Hooded Raincoat Lightweight Coat,"London Fog women's beige/tan hooded raincoat in size M Petite, made in Sri Lanka. Features long sleeves, a covered front closure, two front welt pockets and a lightweight mid-thigh silhouette. Material, measurements and complete condition remain unconfirmed.",Raincoat,Classic,Minimalist,,,
2026-07-02,,,Pending confirmation,Quinn taupe lined blazer,Quinn,Women's Blazer / Lightweight Jacket,S,Taupe / brown,Solid,Notched lapel appearance; lined interior; front button visible; tailored blazer silhouette; exact construction requires full-item photos,Not confirmed,China,Pre-owned; final inspection required,"Interior label photo confirms QUINN, size S and Made in China. The visible lapel, lining and button suggest a taupe/brown blazer or tailored jacket, but full front and back photos are missing. Verify exact garment type, material, measurements, pockets, closure, stains and complete condition before listing.",Not provided,Pending research,Pending research,Pending — sold count divided by active count,,,,Sold-comp research pending.,Facebook Marketplace Listed / Needs Review,Facebook Marketplace,Women's Outerwear,Quinn Womens S Taupe Brown Lined Blazer Jacket,"QUINN women's size S taupe-brown lined blazer or tailored jacket, made in China. Full garment construction, material, measurements and complete condition remain unconfirmed because only the interior label and partial lapel area are visible.",Tailored,Minimalist,Business Casual,,,